<?xml version="1.0" encoding="UTF-8"?>
<beans xmlns="http://www.springframework.org/schema/beans"
       xmlns:xsi="http://www.w3.org/2001/XMLSchema-instance"
       xmlns:context="http://www.springframework.org/schema/context"
       xmlns:mvc="http://www.springframework.org/schema/mvc"
       xsi:schemaLocation="http://www.springframework.org/schema/beans http://www.springframework.org/schema/beans/spring-beans.xsd http://www.springframework.org/schema/context https://www.springframework.org/schema/context/spring-context.xsd http://www.springframework.org/schema/mvc https://www.springframework.org/schema/mvc/spring-mvc.xsd">

    <!-- 解读
        1. 扫描com.hspedu包
        2. use-default-filters="false" 禁用默认过滤规则
        3. context:include-filter 配置说明 只是扫描控制器
    -->
    <context:component-scan base-package="com.hspedu.furn">
        <!--SpringMvc只是扫描Controller-->
        <context:include-filter type="annotation" expression="org.springframework.stereotype.Controller"/>
    </context:component-scan>

    <!--配置视图解析器[默认视图解析器]-->
    <bean class="org.springframework.web.servlet.view.InternalResourceViewResolver">
        <!--配置属性suffix 和 prefix-->
        <property name="prefix" value="/WEB-INF/views/"/>
        <property name="suffix" value=".html"/>
    </bean>

    <!--加入两个常规配置-->
    <!--支持SpringMVC的高级功能，比如JSR303校验, 映射动态请求-->
    <mvc:annotation-driven></mvc:annotation-driven>
    <!--将springmvc不能处理的请求，交给tomcat处理,比如css, js-->
    <mvc:default-servlet-handler/>
</beans>