<?xml version="1.0" encoding="UTF-8"?>
<!DOCTYPE generatorConfiguration
        PUBLIC "-//mybatis.org//DTD MyBatis Generator Configuration 1.0//EN"
        "http://mybatis.org/dtd/mybatis-generator-config_1_0.dtd">
<generatorConfiguration>
    <context id="DB2Tables" targetRuntime="MyBatis3">
        <!--        生成没有注释的bean-->
        <commentGenerator>
            <property name="suppressAllComments" value="true"/>
        </commentGenerator>
        <!--        配置数据库连接信息-->
        <jdbcConnection driverClass="com.mysql.jdbc.Driver"
                        connectionURL="jdbc:mysql://localhost:3306/furn_ssm?characterEncoding=utf8"
                        userId="root"
                        password="hsp">
        </jdbcConnection>
        <javaTypeResolver>
            <property name="forceBigDecimals" value="false"/>
        </javaTypeResolver>
        <!--        指定javaBean生成的位置-->
        <javaModelGenerator targetPackage="com.hspedu.furn.bean" targetProject=".\src\main\java">
            <property name="enableSubPackages" value="true"/>
            <property name="trimStrings" value="true"/>
        </javaModelGenerator>
        <!--        指定sql映射文件生成的位置
        1. 要根据自己的实际情况指定
        -->
        <sqlMapGenerator targetPackage="mapper" targetProject=".\src\main\resources">
            <property name="enableSubPackages" value="true"/>
        </sqlMapGenerator>
        <!--        指定dao接口生成的位置, 也就是mapper接口-->
        <javaClientGenerator type="XMLMAPPER" targetPackage="com.hspedu.furn.dao" targetProject=".\src\main\java">
            <property name="enableSubPackages" value="true"/>
        </javaClientGenerator>
        <!--        指定要逆向生成的表和生成策略-->
        <table tableName="furn" domainObjectName="Furn"></table>
    </context>
</generatorConfiguration>