<?xml version="1.0" encoding="UTF-8"?>
<!DOCTYPE mapper PUBLIC "-//mybatis.org//DTD Mapper 3.0//EN" "http://mybatis.org/dtd/mybatis-3-mapper.dtd">
<mapper namespace="com.hspedu.furn.dao.FurnMapper">
  <resultMap id="BaseResultMap" type="com.hspedu.furn.bean.Furn">
    <id column="id" jdbcType="INTEGER" property="id" />
    <result column="name" jdbcType="VARCHAR" property="name" />
    <result column="maker" jdbcType="VARCHAR" property="maker" />
    <result column="price" jdbcType="DECIMAL" property="price" />
    <result column="sales" jdbcType="INTEGER" property="sales" />
    <result column="stock" jdbcType="INTEGER" property="stock" />
    <result column="img_path" jdbcType="VARCHAR" property="imgPath" />
  </resultMap>
  <sql id="Example_Where_Clause">
    <where>
      <foreach collection="oredCriteria" item="criteria" separator="or">
        <if test="criteria.valid">
          <trim prefix="(" prefixOverrides="and" suffix=")">
            <foreach collection="criteria.criteria" item="criterion">
              <choose>
                <when test="criterion.noValue">
                  and ${criterion.condition}
                </when>
                <when test="criterion.singleValue">
                  and ${criterion.condition} #{criterion.value}
                </when>
                <when test="criterion.betweenValue">
                  and ${criterion.condition} #{criterion.value} and #{criterion.secondValue}
                </when>
                <when test="criterion.listValue">
                  and ${criterion.condition}
                  <foreach close=")" collection="criterion.value" item="listItem" open="(" separator=",">
                    #{listItem}
                  </foreach>
                </when>
              </choose>
            </foreach>
          </trim>
        </if>
      </foreach>
    </where>
  </sql>
  <sql id="Update_By_Example_Where_Clause">
    <where>
      <foreach collection="example.oredCriteria" item="criteria" separator="or">
        <if test="criteria.valid">
          <trim prefix="(" prefixOverrides="and" suffix=")">
            <foreach collection="criteria.criteria" item="criterion">
              <choose>
                <when test="criterion.noValue">
                  and ${criterion.condition}
                </when>
                <when test="criterion.singleValue">
                  and ${criterion.condition} #{criterion.value}
                </when>
                <when test="criterion.betweenValue">
                  and ${criterion.condition} #{criterion.value} and #{criterion.secondValue}
                </when>
                <when test="criterion.listValue">
                  and ${criterion.condition}
                  <foreach close=")" collection="criterion.value" item="listItem" open="(" separator=",">
                    #{listItem}
                  </foreach>
                </when>
              </choose>
            </foreach>
          </trim>
        </if>
      </foreach>
    </where>
  </sql>
  <sql id="Base_Column_List">
    id, name, maker, price, sales, stock, img_path
  </sql>
  <select id="selectByExample" parameterType="com.hspedu.furn.bean.FurnExample" resultMap="BaseResultMap">
    select
    <if test="distinct">
      distinct
    </if>
    <include refid="Base_Column_List" />
    from furn
    <if test="_parameter != null">
      <include refid="Example_Where_Clause" />
    </if>
    <if test="orderByClause != null">
      order by ${orderByClause}
    </if>
  </select>
  <select id="selectByPrimaryKey" parameterType="java.lang.Integer" resultMap="BaseResultMap">
    select 
    <include refid="Base_Column_List" />
    from furn
    where id = #{id,jdbcType=INTEGER}
  </select>
  <delete id="deleteByPrimaryKey" parameterType="java.lang.Integer">
    delete from furn
    where id = #{id,jdbcType=INTEGER}
  </delete>
  <delete id="deleteByExample" parameterType="com.hspedu.furn.bean.FurnExample">
    delete from furn
    <if test="_parameter != null">
      <include refid="Example_Where_Clause" />
    </if>
  </delete>
  <insert id="insert" parameterType="com.hspedu.furn.bean.Furn">
    insert into furn (id, name, maker, 
      price, sales, stock, 
      img_path)
    values (#{id,jdbcType=INTEGER}, #{name,jdbcType=VARCHAR}, #{maker,jdbcType=VARCHAR}, 
      #{price,jdbcType=DECIMAL}, #{sales,jdbcType=INTEGER}, #{stock,jdbcType=INTEGER}, 
      #{imgPath,jdbcType=VARCHAR})
  </insert>
  <insert id="insertSelective" parameterType="com.hspedu.furn.bean.Furn">
    insert into furn
    <trim prefix="(" suffix=")" suffixOverrides=",">
      <if test="id != null">
        id,
      </if>
      <if test="name != null">
        name,
      </if>
      <if test="maker != null">
        maker,
      </if>
      <if test="price != null">
        price,
      </if>
      <if test="sales != null">
        sales,
      </if>
      <if test="stock != null">
        stock,
      </if>
      <if test="imgPath != null">
        img_path,
      </if>
    </trim>
    <trim prefix="values (" suffix=")" suffixOverrides=",">
      <if test="id != null">
        #{id,jdbcType=INTEGER},
      </if>
      <if test="name != null">
        #{name,jdbcType=VARCHAR},
      </if>
      <if test="maker != null">
        #{maker,jdbcType=VARCHAR},
      </if>
      <if test="price != null">
        #{price,jdbcType=DECIMAL},
      </if>
      <if test="sales != null">
        #{sales,jdbcType=INTEGER},
      </if>
      <if test="stock != null">
        #{stock,jdbcType=INTEGER},
      </if>
      <if test="imgPath != null">
        #{imgPath,jdbcType=VARCHAR},
      </if>
    </trim>
  </insert>
  <select id="countByExample" parameterType="com.hspedu.furn.bean.FurnExample" resultType="java.lang.Long">
    select count(*) from furn
    <if test="_parameter != null">
      <include refid="Example_Where_Clause" />
    </if>
  </select>
  <update id="updateByExampleSelective" parameterType="map">
    update furn
    <set>
      <if test="record.id != null">
        id = #{record.id,jdbcType=INTEGER},
      </if>
      <if test="record.name != null">
        name = #{record.name,jdbcType=VARCHAR},
      </if>
      <if test="record.maker != null">
        maker = #{record.maker,jdbcType=VARCHAR},
      </if>
      <if test="record.price != null">
        price = #{record.price,jdbcType=DECIMAL},
      </if>
      <if test="record.sales != null">
        sales = #{record.sales,jdbcType=INTEGER},
      </if>
      <if test="record.stock != null">
        stock = #{record.stock,jdbcType=INTEGER},
      </if>
      <if test="record.imgPath != null">
        img_path = #{record.imgPath,jdbcType=VARCHAR},
      </if>
    </set>
    <if test="_parameter != null">
      <include refid="Update_By_Example_Where_Clause" />
    </if>
  </update>
  <update id="updateByExample" parameterType="map">
    update furn
    set id = #{record.id,jdbcType=INTEGER},
      name = #{record.name,jdbcType=VARCHAR},
      maker = #{record.maker,jdbcType=VARCHAR},
      price = #{record.price,jdbcType=DECIMAL},
      sales = #{record.sales,jdbcType=INTEGER},
      stock = #{record.stock,jdbcType=INTEGER},
      img_path = #{record.imgPath,jdbcType=VARCHAR}
    <if test="_parameter != null">
      <include refid="Update_By_Example_Where_Clause" />
    </if>
  </update>
  <update id="updateByPrimaryKeySelective" parameterType="com.hspedu.furn.bean.Furn">
    update furn
    <set>
      <if test="name != null">
        name = #{name,jdbcType=VARCHAR},
      </if>
      <if test="maker != null">
        maker = #{maker,jdbcType=VARCHAR},
      </if>
      <if test="price != null">
        price = #{price,jdbcType=DECIMAL},
      </if>
      <if test="sales != null">
        sales = #{sales,jdbcType=INTEGER},
      </if>
      <if test="stock != null">
        stock = #{stock,jdbcType=INTEGER},
      </if>
      <if test="imgPath != null">
        img_path = #{imgPath,jdbcType=VARCHAR},
      </if>
    </set>
    where id = #{id,jdbcType=INTEGER}
  </update>
  <update id="updateByPrimaryKey" parameterType="com.hspedu.furn.bean.Furn">
    update furn
    set name = #{name,jdbcType=VARCHAR},
      maker = #{maker,jdbcType=VARCHAR},
      price = #{price,jdbcType=DECIMAL},
      sales = #{sales,jdbcType=INTEGER},
      stock = #{stock,jdbcType=INTEGER},
      img_path = #{imgPath,jdbcType=VARCHAR}
    where id = #{id,jdbcType=INTEGER}
  </update>
</mapper>